Pot,clay-plant-pot,9.99
,clay-plant-pot,15.99
,white-ceramic-pot,15.99
,gardening-hand-trowel,10.99
,yellow-watering-can,40.99
,biodegradable-cardboard-pots,10
,,
BedRoom,copper-light,59.99
,antique-drawers,250
,bedside-table,69.99
,,
Wood,cream-sofa,500
,white-bed-clothes,29.99
,wooden-outdoor-table,99.99
,grey-sofa,29.99
,wooden-outdoor-slats,25.99
,wooden-fence,200
,yellow-sofa,99.99
,pink-armchair,750
,,
pillows,brown-throw-pillows,19.99
,knitted-throw-pillows,19.99
,,
candle,vanilla-candle,15.99
,,
bag,black-bean-bag,69.99
